{
  "x": [0.0, 0.4039539291125437, 1.4713706147662433, 3.131581525378703, 5.273102264202262, 7.751308642932848, 10.398394540813374, 13.03492591732544, 15.482195446049593, 17.5745271118292, 19.170683558566783, 20.163590753601685, 20.487710392999805, 20.12355243299181, 19.099017044676923, 17.487473593922296, 15.402708915117366, 12.991092707032182, 10.42149948948005, 7.873681027777207],
  "y": [0.0, 3.8228617453074083, 7.552936260863355, 11.11456640260733, 14.443692985028155, 17.49226547035146, 20.231550408784777, 22.654109832643346, 24.774313385303692, 26.62734892319362, 28.26679971418086, 29.760955050355218, 31.188108301854278, 32.63116615645396, 34.171940216809, 35.88551399796695, 37.835073176217946, 40.067555043938796, 42.6104167200171, 45.46974463537736],
  "t0": 0,
  "t1": 20,
  "dt": 0.01,
  "bot": {
    "state": {
      "x": 0,
      "y": 0,
      "yaw": 1.555195326817406,
      "vx": 0,
      "vy": 0
    },
    "wheel_radius": 0.1,
    "wheel_torque": 1,
    "mass": 1,
    "drag_coefficient": 1,
    "steer_angle": 0.1,
    "wheel_base": 1
  }
}